tenantId,entityType,entityKey,schoolId,studentId,invoiceId,resolution,resolvedGradeLevel,reason
34f49822-ae1d-4188-95f0-04e14bc6c662,INVOICE,INVOICE#61a247a4-44d6-4fc0-a414-062fd4d7e694#1de6fc60-3901-445b-a132-1c67f6e8967b,61a247a4-44d6-4fc0-a414-062fd4d7e694,893aeb02-6d0e-416c-b712-25eb382ebdda,1de6fc60-3901-445b-a132-1c67f6e8967b,resolved,3,
34f49822-ae1d-4188-95f0-04e14bc6c662,INVOICE,INVOICE#61a247a4-44d6-4fc0-a414-062fd4d7e694#1b28e5e1-2c8e-493c-8e8c-cb6f8a7d59a0,61a247a4-44d6-4fc0-a414-062fd4d7e694,30886e80-8f60-4e28-960e-d1830d7e2278,1b28e5e1-2c8e-493c-8e8c-cb6f8a7d59a0,resolved,3,
34f49822-ae1d-4188-95f0-04e14bc6c662,INVOICE,INVOICE#61a247a4-44d6-4fc0-a414-062fd4d7e694#1ec08229-7e15-43cb-ada3-c2f06f710b39,61a247a4-44d6-4fc0-a414-062fd4d7e694,823e1bdc-3e77-4b37-9435-9ecea5572a6c,1ec08229-7e15-43cb-ada3-c2f06f710b39,resolved,3,
34f49822-ae1d-4188-95f0-04e14bc6c662,INVOICE,INVOICE#61a247a4-44d6-4fc0-a414-062fd4d7e694#42badddd-82c5-4a2e-b0b2-b8de344367bf,61a247a4-44d6-4fc0-a414-062fd4d7e694,e6c43bb8-7374-4b07-af42-2b88b74465fa,42badddd-82c5-4a2e-b0b2-b8de344367bf,resolved,3,
34f49822-ae1d-4188-95f0-04e14bc6c662,INVOICE,INVOICE#61a247a4-44d6-4fc0-a414-062fd4d7e694#05e02d41-7759-4ef1-afb8-fc9a0788abc2,61a247a4-44d6-4fc0-a414-062fd4d7e694,aa3ae82f-f601-434a-ac79-68f0e7cf607c,05e02d41-7759-4ef1-afb8-fc9a0788abc2,resolved,3,
34f49822-ae1d-4188-95f0-04e14bc6c662,INVOICE,INVOICE#61a247a4-44d6-4fc0-a414-062fd4d7e694#3e52d2c7-3624-481c-bb72-422830ae2442,61a247a4-44d6-4fc0-a414-062fd4d7e694,30886e80-8f60-4e28-960e-d1830d7e2278,3e52d2c7-3624-481c-bb72-422830ae2442,resolved,3,
34f49822-ae1d-4188-95f0-04e14bc6c662,INVOICE,INVOICE#61a247a4-44d6-4fc0-a414-062fd4d7e694#15db8976-2c91-407b-a3fd-7da78af33f72,61a247a4-44d6-4fc0-a414-062fd4d7e694,7d28987a-80a6-44e2-838a-b16f19d6f9b3,15db8976-2c91-407b-a3fd-7da78af33f72,resolved,3,
34f49822-ae1d-4188-95f0-04e14bc6c662,INVOICE,INVOICE#61a247a4-44d6-4fc0-a414-062fd4d7e694#48f5ea15-8858-4348-b97e-b9185bd4c7a3,61a247a4-44d6-4fc0-a414-062fd4d7e694,9435b575-22de-48bf-af01-95753e0038e5,48f5ea15-8858-4348-b97e-b9185bd4c7a3,resolved,3,
34f49822-ae1d-4188-95f0-04e14bc6c662,INVOICE,INVOICE#61a247a4-44d6-4fc0-a414-062fd4d7e694#4b231ab7-af80-4f4f-b59c-5e326c1f2e06,61a247a4-44d6-4fc0-a414-062fd4d7e694,1d82e45e-bed6-45e6-97db-eb8b5a7bdd7a,4b231ab7-af80-4f4f-b59c-5e326c1f2e06,resolved,10,
34f49822-ae1d-4188-95f0-04e14bc6c662,INVOICE,INVOICE#61a247a4-44d6-4fc0-a414-062fd4d7e694#bed02669-b6e2-4fd5-bc26-1850dcd50e44,61a247a4-44d6-4fc0-a414-062fd4d7e694,6d8c5f8a-d5b7-447c-b291-c66e209e1822,bed02669-b6e2-4fd5-bc26-1850dcd50e44,resolved,3,
34f49822-ae1d-4188-95f0-04e14bc6c662,INVOICE,INVOICE#61a247a4-44d6-4fc0-a414-062fd4d7e694#5bd4bb20-1751-475a-b0ce-375ee80b455a,61a247a4-44d6-4fc0-a414-062fd4d7e694,e7d7cbb7-4b2f-48ef-aeb2-360f354053f9,5bd4bb20-1751-475a-b0ce-375ee80b455a,resolved,4,
34f49822-ae1d-4188-95f0-04e14bc6c662,INVOICE,INVOICE#61a247a4-44d6-4fc0-a414-062fd4d7e694#7c584d52-59e8-4bba-8657-9accdd7799a2,61a247a4-44d6-4fc0-a414-062fd4d7e694,e6c43bb8-7374-4b07-af42-2b88b74465fa,7c584d52-59e8-4bba-8657-9accdd7799a2,resolved,3,
34f49822-ae1d-4188-95f0-04e14bc6c662,INVOICE,INVOICE#61a247a4-44d6-4fc0-a414-062fd4d7e694#9dc3740a-d488-4580-aa63-8811d28b8cf5,61a247a4-44d6-4fc0-a414-062fd4d7e694,0d34b0b7-d594-4781-9d85-83af679f02a1,9dc3740a-d488-4580-aa63-8811d28b8cf5,resolved,3,
34f49822-ae1d-4188-95f0-04e14bc6c662,INVOICE,INVOICE#61a247a4-44d6-4fc0-a414-062fd4d7e694#a04b3fce-3f6a-495f-ae3e-955587f02102,61a247a4-44d6-4fc0-a414-062fd4d7e694,893aeb02-6d0e-416c-b712-25eb382ebdda,a04b3fce-3f6a-495f-ae3e-955587f02102,resolved,3,
34f49822-ae1d-4188-95f0-04e14bc6c662,INVOICE,INVOICE#61a247a4-44d6-4fc0-a414-062fd4d7e694#5d3572cf-4539-4c4a-af49-07452bbeb647,61a247a4-44d6-4fc0-a414-062fd4d7e694,0ad74316-30fc-4eda-ae17-858f7745dbcf,5d3572cf-4539-4c4a-af49-07452bbeb647,resolved,10,
34f49822-ae1d-4188-95f0-04e14bc6c662,INVOICE,INVOICE#61a247a4-44d6-4fc0-a414-062fd4d7e694#af70c04f-e697-4f1c-b4f8-e1983e3df92d,61a247a4-44d6-4fc0-a414-062fd4d7e694,7e8bdcb0-7d59-4dd3-b77f-a076a6363df9,af70c04f-e697-4f1c-b4f8-e1983e3df92d,resolved,6,
34f49822-ae1d-4188-95f0-04e14bc6c662,INVOICE,INVOICE#61a247a4-44d6-4fc0-a414-062fd4d7e694#bf682234-9c08-416c-af35-e47aef338e4f,61a247a4-44d6-4fc0-a414-062fd4d7e694,b1d4c3a3-a99d-474c-8397-8de23b0bf9e2,bf682234-9c08-416c-af35-e47aef338e4f,resolved,1,
34f49822-ae1d-4188-95f0-04e14bc6c662,INVOICE,INVOICE#61a247a4-44d6-4fc0-a414-062fd4d7e694#f29bb9cc-f6e9-4803-9bd6-85c0cfc5eeb6,61a247a4-44d6-4fc0-a414-062fd4d7e694,30886e80-8f60-4e28-960e-d1830d7e2278,f29bb9cc-f6e9-4803-9bd6-85c0cfc5eeb6,resolved,3,
34f49822-ae1d-4188-95f0-04e14bc6c662,INVOICE,INVOICE#61a247a4-44d6-4fc0-a414-062fd4d7e694#d42f2410-dab1-4d79-8513-7f06d4ad515f,61a247a4-44d6-4fc0-a414-062fd4d7e694,861fe510-cb5c-49ea-9247-42e350626737,d42f2410-dab1-4d79-8513-7f06d4ad515f,resolved,3,
34f49822-ae1d-4188-95f0-04e14bc6c662,INVOICE,INVOICE#61a247a4-44d6-4fc0-a414-062fd4d7e694#cfb465a6-c9df-4583-8566-ae4a367aec18,61a247a4-44d6-4fc0-a414-062fd4d7e694,e6c43bb8-7374-4b07-af42-2b88b74465fa,cfb465a6-c9df-4583-8566-ae4a367aec18,resolved,3,
34f49822-ae1d-4188-95f0-04e14bc6c662,INVOICE,INVOICE#61a247a4-44d6-4fc0-a414-062fd4d7e694#d0fed062-7291-4537-a818-ae72773c4008,61a247a4-44d6-4fc0-a414-062fd4d7e694,0d34b0b7-d594-4781-9d85-83af679f02a1,d0fed062-7291-4537-a818-ae72773c4008,resolved,3,
34f49822-ae1d-4188-95f0-04e14bc6c662,INVOICE,INVOICE#61a247a4-44d6-4fc0-a414-062fd4d7e694#f65e922b-bea3-4df1-930c-f39205ef432c,61a247a4-44d6-4fc0-a414-062fd4d7e694,ed4df14f-d6ea-4f6a-868a-089112e78264,f65e922b-bea3-4df1-930c-f39205ef432c,resolved,3,
34f49822-ae1d-4188-95f0-04e14bc6c662,INVOICE,INVOICE#61a247a4-44d6-4fc0-a414-062fd4d7e694#ec8bc48d-6fcd-45f7-9e35-67db06982d18,61a247a4-44d6-4fc0-a414-062fd4d7e694,1d82e45e-bed6-45e6-97db-eb8b5a7bdd7a,ec8bc48d-6fcd-45f7-9e35-67db06982d18,resolved,10,
34f49822-ae1d-4188-95f0-04e14bc6c662,INVOICE,INVOICE#61a247a4-44d6-4fc0-a414-062fd4d7e694#f9d0226c-aa35-4796-9454-bdc290f22370,61a247a4-44d6-4fc0-a414-062fd4d7e694,7d28987a-80a6-44e2-838a-b16f19d6f9b3,f9d0226c-aa35-4796-9454-bdc290f22370,resolved,3,
34f49822-ae1d-4188-95f0-04e14bc6c662,PAYMENT,PAYMENT#61a247a4-44d6-4fc0-a414-062fd4d7e694#28976e59-950b-44af-9d9c-a2533ba2f2c7,61a247a4-44d6-4fc0-a414-062fd4d7e694,,ec8bc48d-6fcd-45f7-9e35-67db06982d18,resolved,10,
34f49822-ae1d-4188-95f0-04e14bc6c662,PAYMENT,PAYMENT#61a247a4-44d6-4fc0-a414-062fd4d7e694#a0dc9d4f-d285-4633-98a5-0b6de87fe58b,61a247a4-44d6-4fc0-a414-062fd4d7e694,,bf682234-9c08-416c-af35-e47aef338e4f,resolved,1,